user_id,movie_id
16975709365084587137,17729 12452 13341 3605 18987
10225505309438393880,3698 19956 13595 8981 19642
337894458057354820,16830 2259 16073 19861 13437
16389753737490268206,17909 18983 17756 18576 15391
12377183607123393787,11075 17086 19853 17461 11600
10785286605107067250,2973 2770 8283 17324 11364
18390247959574667278,9429 18934 13195 8365 2381
29584184913820301,4638 3695 14437 7280 12243
2534625570678701653,3476 17111 16171 2050 13678
4157100460171755996,3613 3586 2335 16408 13105
10130681974086574045,19188 17014 786 3582 2855
3987583508264135352,10389 16695 19981 17029 11686
17202822843237054569,3533 18126 17893 2965 18668
15132049647911090608,4252 3606 15706 17549 13180
8801367151077484144,9098 18311 17415 13437 18994
14887202009113011858,17381 20237 19724 1847 19425
1491836834969019963,2959 18652 15397 17819 13189
17471869714170323937,16589 15541 18254 15373 17427
11838135390037109692,3820 13890 17840 14437 4777
6582736606368231689,15389 13214 1822 15299 18162
16254176087622764758,19399 7234 7347 18102 18643
1097150296986356631,12586 18040 8892 10584 15369
10649334985158521425,4729 17396 16953 17727 19785
13301837728879086927,19593 16740 15173 1179 19645
1544716824422925862,14566 17816 14487 15814 11014
3436495902588433563,15706 4252 18973 16961 2770
8337207306780739385,18879 16839 13248 4714 1264
17477790941657638341,10350 16936 3887 10536 17042
5689436685420108176,8893 17757 14389 13437 19996
9755836569405295494,15403 16942 739 15369 10495
8080177094979503199,13585 16759 13189 2139 11278
5961540216744402371,15397 2959 7381 15601 16534
2508080197830680466,19287 17483 17499 17639 19642
16099459407504922665,7347 7283 18254 15371 19399
6455680907202413661,15163 12304 19431 17038 1176
12824821648756434406,20240 19258 4249 10643 19981
10471562798345488977,15509 14405 18308 9040 10674
15142105801686509136,18101 5 17483 15596 9409
7477720538479355068,9278 3614 13387 18078 16847
10755523972737930583,17493 4644 2202 2381 6125
162878539774941703,10584 3604 15393 2161 15509
15379043260987646098,10556 7347 17292 15792 16138
11067421171880163643,2001 4751 17291 17074 18805
12284792445825984599,9256 2158 19643 19648 2171
8560671777274741746,13352 7289 15814 18968 18526
11976203142233281931,20237 11600 12243 17381 13272
17348021451703982213,19350 18746 11278 7294 14487
16691032662942255073,18883 15388 19981 2373 16676
2170751987769950186,18101 5 9409 15596 11447
6420976608537358367,19853 13430 7956 10403 3454
6906159854700534960,18078 11273 9278 5 18458
7452576580821942307,17111 3476 18558 13158 10566
13089966361211480220,18228 17002 15393 17093 3858
6338343084631766686,2008 10544 8294 17193 11051
11576768270373035203,7436 18308 18526 14405 13105
15584192311000436275,13950 19803 3821 9661 3441
1614147945532811633,11019 10920 18943 18476 19219
8505384898079653630,17765 6128 19853 11051 17408
15289407949379964430,7294 19645 4649 15389 13378
10126751081009852156,16757 2167 17022 14163 17163
7767637244458912363,19864 5061 15489 16495 19678
2619372598837133960,16238 18807 10597 12232 17109
13448736013366366498,18943 11561 18808 10920 7295
7019679605956509060,19721 17555 18364 19643 3847
7366664379466814254,19026 18476 13868 10920 15374
4738939584856732999,20189 14068 8334 9555 15646
17215980907488640393,13563 17571 8083 10809 16255
4046158817762061697,18078 11273 7351 11577 5
1750707581830576198,18968 15646 11255 13868 2253
16393460635788974142,3820 8590 13890 15797 17392
15865900583161562373,18101 5 15596 9409 17483
15091697241297986785,3599 4674 2757 18973 2982
9541904791635195836,10600 7183 8396 14437 19785
6121795174079826529,3698 19956 13595 18743 8981
16494347773248147654,19861 2998 16770 15402 10846
7582734593857880128,17186 7954 9514 3780 17238
13325475986269230902,3845 9077 19790 18576 16708
5904281982592697626,10510 17483 4640 11446 2259
15633494768399939070,16563 18937 10821 13951 15714
12240915784257024359,2955 15163 7234 3594 15356
7268111813863389083,3468 15388 15308 3516 10829
9738881946240868119,20240 4249 19258 19882 19981
1055778248504288048,16596 12306 17055 8584 11346
13522397450411925146,5061 19864 18620 17526 19317
18208329346181395770,2324 19001 19531 3748 15252
17406433830393377058,17963 19677 19852 18264 17629
7583410573915021659,7184 3960 19909 17677 16813
7682956807668590834,18142 17716 15782 19407 14452
12878986247552595578,16591 12243 16378 13437 14486
6493775459604307722,15402 18142 6334 15290 3611
13106157688655673253,19287 17639 17483 17499 13647
17122619695428736228,3596 16238 16159 19314 7378
8480568308820789538,7347 7283 18254 15371 18332
12473224127825310013,9728 11271 18667 19090 12232
3726150139962519635,3475 3457 10510 9500 13461
2500068272717059418,19996 18144 7184 18752 17139
2891938543770516034,10799 15371 16627 9523 17584
4142538042719225200,11019 10920 18943 18476 2050
2260318147999866684,9128 9440 18057 17962 16384
7460271187074109338,3613 2335 3586 7283 13105
8176449150573026139,18943 11561 18808 17518 18458
2348569027086046519,10706 19588 13940 17163 16972
9796311143660199232,11211 19314 7295 17361 11600
4474739664218248182,15761 16672 19287 17095 16583
5558016900013086514,15646 18968 8892 18213 18610
12727034141886114397,10937 2408 15239 15598 16363
6123168588610590200,2154 15214 17641 17611 17421
751652990900342698,9342 13211 13930 15624 15538
5400042288260338037,19851 16300 3841 4649 3454
12951273888519013728,19877 8623 17254 3695 3599
7681669088632459338,20249 7277 18879 13461 16365
15905903717112711010,18026 17659 13461 18476 18524
660033480919608379,17756 2955 17517 13671 12212
15886383893118080313,10474 2966 14437 19026 18808
1825395519213480996,2963 19996 3527 7206 14444
12508431495812918847,7 15334 7284 11061 17286
5111624880649943685,4694 8573 3604 20245 325
16059920053099601001,18628 14410 7278 19287 17261
7976428770106908359,7182 19618 16079 736 16010
12514042528058179385,19853 13430 7956 10403 3454
15490382277259480845,18943 11561 18808 7295 10920
16798905517229596827,10413 7336 19805 10432 12306
10281133029085925321,10 16700 8388 19994 15577
774725719486603609,16814 15372 3694 16824 19676
10138391808316726331,7349 15293 16147 18153 18078
12506038716898567430,17182 18610 7351 17962 13563
8922550572150673993,8893 17757 13437 19996 14186
17185612176848272522,16757 2167 17022 14163 17163
4556170198968074413,18752 18871 9723 9714 17630
6737637010415124490,18842 18026 2776 18567 18162
2036709162669738049,15814 19861 17193 18576 11561
9920522543018261515,9711 7438 14874 18213 16894
12201632812794783991,16699 18530 2403 3614 14720
14604822975133696648,16757 2167 17022 14163 17163
3123142884197588620,10474 2966 14437 4649 16586
15851591348729314605,12243 7285 16337 14452 15739
13470773324587044429,11019 10920 18476 18943 2050
6429993672610167249,16757 2167 17022 14163 17163
4567137872779230415,16751 8973 11211 19910 3527
8242193748075411929,18943 11561 18808 10920 7295
16858741816979853750,14067 4650 2954 17238 18296
16286173495176443216,3752 16996 17966 2171 15553
12053560466421191427,2409 10570 11195 8894 11421
1978209447963224809,17762 10339 17086 18534 17679
9310923777976650538,16596 17055 12306 8584 3826
16733346299848810533,20249 7277 18879 13461 16365
7477742801537840234,3612 2219 17291 7278 18238
10263548457589177863,11019 18476 10920 18943 19219
3108164197392813933,3587 1849 14428 11577 17402
11782814648486375396,18943 11561 10920 7295 11019
3281964306419923659,19861 15402 16770 19782 2998
3187662234535038777,11019 10920 18476 19219 18943
1438444095598914945,2002 2860 16530 13214 4788
13263300581728630149,18943 11561 7295 18808 10920
4141480673492592959,18254 15541 7347 17906 5061
16547359731465692224,13889 13414 10810 15244 19369
12447141128530392860,17158 19252 16260 4742 17423
6702734346431300262,3848 4015 13950 17844 13839
12546777739608128364,16224 18357 13157 17909 1761
2714632645559671324,19860 16840 15174 11445 4766
5214630073101214752,18311 9098 13437 4501 11198
12285826134692167081,20184 8584 8968 11420 18814
6189262358383660147,3826 2407 18707 9709 11681
11453917123026628492,11582 3847 15509 18251 15391
449018500345218276,7295 19188 10475 3832 18362
17773526574031166048,1755 9440 19803 16601 17466
5986128740765528777,9098 18311 17415 4004 18994
4528940513933907004,10419 3878 2093 2966 17364
16153684477916782496,17737 17776 16366 16444 17062
1899366528385792310,13242 18790 10962 14428 10919
15790972192193461206,18476 19026 18026 10920 7438
6345824214811922266,13642 15624 18807 7954 19485
10749630066273371112,3287 17109 16283 13609 17571
15916163195145162602,19287 17639 15761 17483 13647
8788329953719981160,19847 13812 19996 17711 9508
396170958994571211,4644 11600 6875 10598 19609
1028148642360842091,15324 17105 16591 19006 12313
17065926465784321224,15371 15782 16676 7347 20238
8746714764002032520,2150 10673 4596 13847 5202
18140072774980555294,15387 18484 4735 7208 18142
15984534176970197696,11019 10920 18476 2050 18943
3308470978375891548,9556 13838 19861 16183 10909
5931392861189272149,13872 8968 10920 14039 20182
2409800616306955077,19383 11508 11324 7389 17281
6155532753846006949,12212 17966 15285 18526 11019
3358769407442524660,17261 17816 18628 10675 16378
8822188068905329570,9556 13838 19861 10909 16183
5097080686139816426,9335 17966 5061 19264 19354
10941218805225218705,15368 13352 2335 17364 13270
10113505166543553078,17966 9335 1160 13490 13654
10120544599806998799,13492 17784 3732 15387 10475
16257803796514295582,20249 7277 18879 14410 16365
6937178676671750327,17420 739 17014 18654 16216
5784223661522705139,16596 12306 17055 11346 2963
3529971338494066524,19996 18144 18752 7184 17139
15946962371641585990,15761 17095 16672 19287 1825
209782878551502039,10800 2996 9100 13911 16339
1298523303762809295,18531 1846 18448 17611 10475
3980498637686719546,11000 16534 10909 15497 19970
3911866238904858422,18943 11561 18808 7295 10920
4352795165056182994,3441 15163 16147 18254 13950
5482175201989618415,17332 17189 2993 18807 17505
15343937874751761919,17014 16587 10556 739 17420
14911058750768379007,15782 17874 2259 10510 16073
998408647777646508,11019 10920 18476 18943 19219
3934129815738543106,3522 15356 14452 17139 16975
18155842339928981233,16238 18807 17093 10597 17095
9983915334141726288,18583 15245 7389 19519 8352
8033473342628368115,17721 19645 20184 1225 4386
7384200499481015585,14437 7283 11364 3820 10474
5864427696837832127,3820 13890 17392 14437 17840
11493342176361941490,16372 7360 18251 17281 17351
3240552761563285368,16249 16072 19091 19230 13272
11532746044500048231,9556 13838 19861 16183 10909
16175757209868223495,13720 12454 15300 17425 19519
15525618374798630558,5061 19317 18620 19864 17526
10228245179018226589,15289 13437 12212 18194 7327
15301363348200942035,11051 19647 9697 17765 18057
12980565342707244978,15340 16709 17659 16975 18787
2769728293919327660,15392 15393 18583 2855 19789
2256965983430555819,16824 17286 19987 7402 7284
7640324763169589101,8893 17757 14389 19996 1160
9480227180660309237,18344 16672 17906 19333 13428
12237737850213867202,10630 4681 3599 18943 19190
7467548603752832371,17499 16724 14725 13122 17415
11025718167000506435,15553 3752 12243 3603 13437
7139061845214402433,10474 14437 19026 2966 17420
9462418162823086643,19407 13868 18142 4404 3587
11154665529500702143,17539 13780 10389 16714 2201
13851928247560798631,10447 15740 10597 18842 9469
6146226745018770173,18344 16672 17906 16782 19333
365971728366870787,18534 12389 18102 19717 14022
2719750356971609748,9292 1160 4865 3847 16281
5451624783632033979,20063 16138 18973 19190 18654
1500724459198230646,13122 18268 17177 2186 16486
1649164834363334259,20249 7277 13461 18879 16365
2778042877050186752,20063 18973 19190 16138 10
959486239992937682,15695 2760 12464 15646 19188
3699148790442075086,20240 4249 19258 19882 19981
5244142812106204682,10584 3604 15393 15509 2161
14908360661725649333,12212 17966 18526 7347 15388
10110847491691198179,19287 17639 17483 17499 19642
5671298272138720311,17375 17672 17028 4805 20156
3523423814591208548,19861 2998 16770 19782 15814
4663507683221411086,4624 18089 7360 13838 19981
14719018625292981721,11550 17999 16370 16300 18476
15182955937779863167,10474 2966 14437 19026 9110
9452491382194176384,16224 18357 13157 1761 17909
12293424586025409188,16936 19026 10350 9615 10675
5358517705903543951,19628 13469 19724 14437 19790
18395218056486506300,17692 16360 19804 10989 16645
7581327059181003883,10350 16936 17042 10536 16314
1161987478617585130,3698 19956 13595 18743 9098
16070471395770666388,20135 16378 3287 2966 17672
3763707112850060862,20244 11577 19378 9368 18614
12564524783594866779,17426 10914 18824 17139 19123
5652743122635198263,4501 19724 19954 7378 17227
16774297795847953777,19089 18705 18153 18295 3871
8778396460139438198,13378 10779 18362 14083 2363
15995141732959691508,16479 8240 18144 10595 15214
3789312972792396065,14486 4623 7184 15714 16378
2495742064399655595,9556 13838 16183 10909 19861
7664659643394830720,10570 19954 16782 17507 17556
11760477856956191451,14566 17816 11014 14487 15814
5039827248908579855,18308 7436 17759 3475 16586
345209585901426370,13628 13272 17535 16575 15328
8946543634992284600,20244 11577 9440 9368 19378
1558366728672259577,18448 18228 18362 18352 3695
10462542791085953889,10946 9000 20239 10778 5924
7133096325318025826,9256 2158 19643 2171 19648
11471700253018163137,16224 18357 1761 13157 17909
3100249399253524789,17109 16238 17122 17571 3861
7612682513387301412,10519 7280 16216 9429 17757
566356146040461104,17079 19519 14435 1902 9624
6028599184390783311,5061 18620 17526 19864 2167
548236214357903075,18790 18364 13242 10437 331
17641551932517502483,3582 3611 3505 17062 15368
17080725951113385731,4631 12304 11550 18458 4161
7380580499146510137,11019 10920 19219 18476 18943
15744214766673047449,18943 11561 10920 18808 7295
3782691754051878815,9556 13838 10909 16183 19861
8611002251862043758,11019 10920 18476 18943 19219
4851991557015095134,17659 18026 13934 17698 17852
16675258352735187753,17418 2205 17115 131 16444
13123308038095589245,10600 7183 8396 14437 19785
14498693994219507335,2171 18607 17373 3752 10595
2622213543907349861,3847 15509 11582 17729 4674
18364683216410306237,8893 17757 19996 13437 14186
14991959265721475144,16215 11410 8927 18820 739
11526259455255892304,2182 16314 19516 13399 18798
5911861298082536653,7437 3611 19642 18142 7327
17053515290379656025,16370 17065 19853 17650 18701
5412326304272277774,20249 7277 13461 18879 16365
5299308725949204091,329 17677 4621 9171 17323
10551470326578239305,9523 7238 12306 7183 1975
289354881555138372,9693 13492 6125 18937 10891
8859659319869066462,12389 17032 17227 18534 17024
5740974878748640576,19116 13347 16360 19457 18297
8550329952251517027,16335 19354 16958 739 17518
13986427058085294054,16238 18807 12232 10597 17079
8529840803657433151,18528 18348 13242 3614 13461
4444233812670187289,18534 18102 18476 12389 15646
9974336564070792057,16238 18807 8360 12232 3596
1005736923230267719,17756 17517 2955 13671 19644
11924077989590507464,20249 7277 18879 13461 16365
11149953708473439955,11279 18520 17517 17006 18823
9835595377517162864,3613 2335 3586 7283 18526
13816233686172871750,13441 2396 3583 17403 16408
12113652551352398344,15498 19123 19676 19234 7347
10554847531496175902,20189 14068 8334 9555 15646
12629087505825427787,11002 17399 19778 3737 15316
1510269957755511953,16589 15541 18254 20097 16975
3171861334839721205,739 17420 16149 19490 9398
14395304246280280775,10729 19584 16427 16757 13273
15282423616095941945,10630 4681 3599 18943 3847
4564707739885096736,786 2855 1846 9278 11862
3553700198740498039,2171 10595 18607 2799 3752
10489380063808544291,14490 19987 16032 19635 18591
8123427628769560743,19956 3698 18586 9678 1176
10754245225423307257,2008 10544 8294 17193 19789
13204922995540017401,10997 20183 3792 15297 2135
12732920083566244151,17756 17517 2955 13671 16216
165634544827320948,11275 9131 18254 8446 17518
7853780623582052866,19789 19314 2008 9111 17518
9164357825521693419,19644 14409 17756 15285 4763
8848068354930583867,17177 19642 19644 19044 19333
12368485665874844002,17791 19987 3613 10529 19998
1270530100775653441,9098 18311 13437 18994 17415
16345521686811896946,2358 16300 10447 3606 542
14040530234346789868,18943 11561 10920 7295 18808
2306999051864891218,15741 9523 11582 15391 18574
16192807959742734625,14874 18126 2403 3801 18194
10686245096441234221,7349 15293 16147 18153 12300
2701404397653889726,10498 3476 1154 10435 13678
17022123955358840131,4645 3582 10507 13557 10768
176481565671593613,15489 16676 18332 15245 17716
5636873213558235089,18089 19479 8892 19354 8973
15610845042736445653,15553 3752 13437 12243 3603
12086538860557228170,11346 3592 7206 1968 4624
15889997947530218969,1225 16056 17689 15238 17953
6777315012221778739,8893 17757 13437 14389 19996
748559544270205466,15374 18968 19026 18790 18476
10403074726500659385,4623 14486 8395 14187 15210
18340721086181564195,4716 14110 8919 17538 17804
16053218977790234711,15741 9523 18574 15391 11582
1034046316919055035,15646 8892 18968 15695 18213
4676572854715648606,11025 12531 18885 2967 10593
15255129818995400801,10919 13242 3855 19782 18153
11433108659762014568,16378 14486 10585 2322 4707
573914173431293876,9054 13892 18526 7735 10413
12152881078526358306,17488 18520 9077 8312 2408
4888659242835867498,10570 19954 17556 17507 16782
10619974355657115915,9098 18311 17415 18994 13437
16753233605315903761,17051 18078 10459 13399 16924
1674760486246269162,3611 3582 7437 3858 18652
13239097467981768974,1825 17322 786 19652 18332
14444319811896017565,9723 10597 16997 11179 7735
1931344997489364688,18783 11218 17737 16366 2970
7411742232666643804,9278 18078 13387 3614 9691
16383222262718435806,3698 19956 13595 8981 19642
3064704902656809722,18080 18652 17819 4015 4621
9059736050157201565,11552 13736 16794 19803 11275
978169360197717467,20324 16723 9276 15761 13624
16836101873625860918,4645 10507 18144 3582 10768
4743118274478799030,14187 19645 8584 18968 4623
2996383751625543316,3475 3457 16996 9500 10510
17670723134034065584,19860 16840 15174 4613 11445
6718159274738268549,13624 7402 15485 19721 19532
210588100575617345,17765 6128 19853 17408 11051
15707820683399905464,13105 8952 3600 17759 16436
5474048941168155819,19047 19861 18480 13368 20326
13200510709479991403,19853 7956 10403 13430 18213
15415119018803993215,18713 1881 16456 18484 13437
9819641637370642973,7289 13352 16988 17006 2396
4832620888562299564,2722 10744 17762 2363 7274
18260761130759205793,7351 17852 18078 19219 19207
11938857412510021856,13624 7402 19532 19721 15485
5588246726905471511,10389 16695 11686 17029 19981
11842279987987626010,19044 19644 15311 2433 17177
14813101162438855897,16625 2001 19805 18594 9678
11231060538947257419,19853 10403 9311 13430 7956
5053145260692772525,7336 10413 16026 1231 16724
6574312579423302480,3475 13461 3457 16996 10510
5666926474086348575,10630 4681 3599 18943 3596
2611081501538184036,9098 18311 17415 18994 13437
10830128430732200105,14727 10084 19852 17672 13351
6917426229936316694,18576 3845 15814 19861 17227
5558709080422787301,18311 13437 9098 19628 11198
12687188959673946334,18316 19287 13773 7402 2019
13413035949380897448,7289 13352 16988 2396 17006
10183312808539629495,1845 12300 14 10 15365
2343285941380785176,19861 10846 16770 2998 15814
16616235521933210340,17419 18465 10614 14090 18667
15663272579750158983,5061 17526 19864 18620 19317
6030990100835909855,18526 7735 15293 7291 15286
545215767312836585,10845 9505 9000 796 18210
7677087210334253035,14389 19354 13703 10519 9505
11413409419393034993,20249 7277 13461 16365 18879
16036474246733479700,20249 7277 13461 14410 18879
8625570652794919109,18531 1846 16964 10584 18448
553114138253419616,4716 14110 8919 17538 17804
1557018948817287936,18943 11561 18808 10920 17518
18057225878071493421,17021 17002 15695 3542 3604
7680936854350606008,18943 11561 17518 7295 18808
12639359055439173052,4004 3603 9098 19285 4745
6305941878660584396,16249 19230 16072 19091 17729
7553708259137280590,10597 4742 15295 9723 10519
1847549442627727570,14389 19354 13703 10519 8893
5479479830407938129,19988 17105 18432 16799 11784
17757188657002246903,7378 16994 14720 9292 17002
3260754520766701880,329 17677 4621 17323 3454
9579404720608611442,2171 18607 10595 3752 17373
13747594520683010149,19853 7956 13430 18213 10403
373268526522102028,19405 2776 7378 18140 14080
7390747421928036974,19864 19678 5061 15489 8955
6432565325498104400,15293 10112 10389 2010 7349
560105750392345109,18943 11561 18808 7295 17518
16433019193096643063,7289 13352 16988 2396 16335
2926456635527226789,20249 7277 13461 18879 16365
11483374462832400765,13428 3613 2149 3860 17243
9361430736672240907,20241 11447 18540 2153 16146
15690869682674649990,18610 18266 15646 7351 18078
2832505381773079162,14189 10318 19784 17729 7288
5609518360640345904,19853 10403 7956 18213 13430
12756943217695464647,10475 17784 1989 17852 19643
12098215690828105992,2253 9052 13949 7336 16534
11117434889293713404,17571 17971 13955 3861 16723
1072240051338669660,10413 7336 19805 10666 10432
17215038236694755803,18700 2248 1796 7183 17658
13137574428735903091,20196 16262 19353 13838 16757
11185399899088000681,20249 7277 18879 13461 14410
2508268203173802200,17757 19354 14408 11014 19648
13397554905612467570,7351 17852 18078 19207 19219
17150040516611164656,6875 13860 3695 1177 331
6963966791235516970,17537 14406 18409 17036 18824
18418817688105644452,20182 16964 18564 18594 17011
2285253669056129471,18790 18364 13242 10437 15173
5986871415618924022,19853 10403 7956 13430 17014
5406072058561132584,18576 17227 3845 15814 4742
11864140216712493331,2967 2411 16950 18534 16777
2363453009362997847,16029 10598 19419 18165 9017
3255666450207740319,3848 4015 13950 17844 13839
7594707197174532336,17021 17002 19956 15695 3604
6832251117369520299,14063 12212 17139 18057 17276
8735014801851209927,9037 15541 18591 17193 3832
494148295076462461,15489 17716 15245 16676 18332
9798386791378248729,13753 4643 17195 2174 14444
1264089762398089406,17765 6128 7274 19853 4249
16133921005670114962,17238 18705 17186 18213 7347
11100510920581221745,8968 16975 20184 14187 10350
7979930314570142994,15251 18994 12212 18057 12304
14842229217910757208,9523 12306 7238 1975 15741
6168251473957943963,13914 4637 17893 18228 19644
9988928578519292733,14022 18655 11271 9675 18534
12281161521196095459,6128 15213 17716 19985 15497
12882320829431420010,18906 14727 16829 19206 10112
16265800735019872148,18574 7735 15553 15741 10969
4754707156170897527,3855 16436 12454 16693 3245
10739666764484205874,20184 8968 8584 18883 13847
5011449163116267494,18662 18144 3885 19335 4644
9940696688582714605,13812 18662 15739 2182 3691
13233854463023521736,18531 18448 1846 16964 8289
15590063823669642090,17122 3613 3594 16459 17109
10727218707416023331,14880 16942 17425 11603 3585
9957343777939233789,19188 786 17014 2855 3582
1548718216851664098,8958 16709 2763 16147 4639
5403441347705585933,9440 17288 9128 16852 15347
724031452980426670,10385 13654 18308 16601 15391
18079277930769301386,10474 2966 14437 19026 18213
7347431347408417375,17864 16769 18102 15485 17186
15621050852536294374,2154 15214 17641 17611 17421
4398265878818975918,16961 11421 1876 11114 16740
1249752306849784521,19089 18705 18153 18295 15382
7729946669130339301,17536 2165 17864 10961 6126
8761470121703622198,17364 15368 9040 19188 10914
1270611688717923810,15245 17863 15489 17716 17852
14922543951058439728,1825 17322 19652 786 8365
6569285831268225579,10997 20183 3792 14285 2135
6323867097360515847,10584 3604 15393 15509 2161
14269000257342579755,18089 19479 8892 19354 3598
6242075258962787856,7378 14720 16994 9292 17258
14190941421224203289,18530 17455 17044 2855 4639
4291263404789962997,13629 9725 17261 18165 15284
2020453750576065272,10389 16695 17029 11686 19981
6725629068384314645,17041 15388 18827 10556 2435
8331488252415327019,15295 13437 16676 19677 10597
14115146185237734850,10584 3604 15393 17819 2161
15578556197467571127,8334 19987 2961 4118 14406
5754583084465905735,9106 1264 16895 17351 17065
8725285325410373269,16757 2167 17022 14163 17163
10569798640820559531,20063 19190 18973 16138 19853
7655579925608844615,14189 10318 19784 16073 17364
8731603052620026729,16056 17335 18522 9523 12212
10998255323748303979,9523 7238 12306 1975 7183
11552964482803524401,10674 17893 15509 18525 10450
15747508767149473195,18078 11273 9278 5 17830
11103234376569611007,13492 17784 15387 10475 8973
18247224723760984286,18448 18228 18362 15250 3695
13810460677656826333,16079 14725 18697 7182 13812
3270099586562390002,11019 10920 18476 18943 2050
14456476146096141887,739 17420 16149 19490 9398
672677452566332126,9556 13838 16183 19861 10909
8955436815706523253,18522 17034 18238 15624 19335
16543593861416909702,2403 16631 16699 15393 9562
11600833588505969956,18531 1846 18448 16964 10597
14768813086307335364,18968 15646 13868 18521 17349
6284339240858462189,10389 16695 19981 19790 17029
11206422236777679971,10920 19647 17318 18943 18476
5695155699247211995,15567 17320 14394 9042 11115
3888688407449494175,3602 17073 17634 11281 16802
9451054086996417219,10519 7280 16216 9429 17757
11847191140141263121,18308 7436 17759 3475 16586
12732149183998715035,3819 17095 19531 2406 3527
11373857680154419074,11019 10920 18476 18943 17557
1902060206806249746,15489 17716 15245 17239 10680
5664129340069837964,17289 19791 17446 12489 13272
15914208270455184089,10584 3604 15393 2161 15509
13372545900809626384,16757 2167 17022 14163 17163
11440215673650517682,15245 17863 15489 17716 18583
13618498726065825128,18311 9098 13437 19628 4501
16737475980455903173,16238 18807 12232 10597 8360
3956396229420134274,15394 19531 10318 3454 19985
11299560894756160440,10779 13378 14880 12304 17342
9044032133295273297,10630 4681 18943 9556 3599
3809133219973142071,3609 17002 12389 15245 4249
12220532283279928485,18308 7436 17759 3475 17266
2846914417250247041,17893 10476 13914 19207 11603
1141387553006119324,19853 13430 17014 18213 9311
4713164284401935055,3612 2219 7278 18238 19205
11287522819465029158,14423 18099 17966 10544 2001
6177760424601016840,18089 19479 8892 19354 8973
7445005296360104044,13654 17966 9335 2192 10385
18361609590925053047,17290 2996 18459 19644 19861
15243382459819670919,20244 11577 9440 9368 18614
10866681553465959566,11019 10920 18943 18476 17557
2201434927050881997,18790 18364 10437 13242 13930
1917401779096387483,7378 16994 14720 9292 17002
17496232074209639634,4644 11600 6875 17493 10598
16724878838868840957,17055 9041 16596 18808 19777
10256081039784709970,18823 9110 1142 18643 15782
3216957934246572557,19188 786 3582 17014 2855
12454337884836201741,19205 15541 11603 13868 2757
1456257675807090347,4004 3603 19285 4745 9098
71363603987199246,16056 17335 7437 12212 18522
7952942071817074632,17658 18669 18696 16522 19646
3802235437367183571,20063 18973 19190 16138 19853
14387406201196230970,16591 12243 16378 7283 2397
3067870762290372840,10680 11561 10350 16958 19646
17422394735697937218,17292 18494 17287 323 17518
12743168670986725620,2253 13949 7336 9052 8893
15942105698159272440,18320 3614 15356 13492 16724
18019295881382437010,15679 17550 10675 19647 19531
7945157856295280424,20184 8968 8584 18883 13847
14006582484477090632,1147 8366 17634 11075 18126
9248886326665778870,3611 3582 10680 3858 18652
8191582716806884047,3612 2219 19205 17032 7278
18273160675791872477,7284 19870 16824 9513 14579
4055520230761754902,13628 13272 17535 15328 16575
11445994266314401408,3477 17756 8291 3604 17261
16193798815985355320,3585 16830 2335 14880 15623
1948968387302253559,18968 15646 11255 13868 2776
18049089863721830671,16700 10510 2373 3605 18883
13043086877640213044,11019 10920 18476 18943 2050
14255290185686740458,17122 3613 3594 17109 13868
14298088339772686650,11019 10920 18943 18476 2050
104275473006325333,9556 13838 19861 16183 10909
7099088361088721947,15761 17095 16672 16583 19287
3170242863281527050,2438 18108 11279 19230 18520
6162006274373871117,740 13469 17928 2344 13872
13740138401215342449,19188 786 3582 2855 17014
8884239642768935179,14874 18126 3801 13378 18194
10251260307450237316,2110 11217 2860 17765 9725
11186004081005816262,19791 17289 18458 17292 1841
3049012471783850362,12212 15285 7347 17966 18526
17559493753940617483,11019 10920 18476 18943 2050
8096090402513496132,18662 18144 9527 3885 3700
1404532021893988594,18080 18652 4621 4015 17819
6014897306792537911,2963 19996 3527 7206 8893
16594753872672236230,4743 16511 17189 3586 14187
10005577857608298710,18823 9110 1142 18643 11279
1801131202357232952,16591 12243 16378 7283 2397
5911340970921475329,16757 2167 17022 14163 17163
2110694416164715906,20249 7277 18879 13461 16365
13789816479359555536,13461 16799 16520 16741 18026
12349006427811010367,16436 18476 17936 18968 18628
7385335356480648073,5061 17526 19864 18620 18526
15422855304437019205,3479 10419 11469 10443 4116
6531866439672504255,7234 15163 19399 14725 2955
16835497957952694882,8893 17757 13437 14389 19996
3475452716829860171,1760 15739 18026 15720 8961
5881538217615189653,17430 18162 4742 19188 17535
4540173586250402756,9556 13838 10909 19861 16183
15870039197475832255,2408 739 10435 18520 18821
14163598673640074289,7360 739 18350 16149 14435
6509104333130178178,10389 16695 19981 11686 17029
4949144696395670159,17971 729 14428 17034 17571
5853947753633803682,20249 7277 13461 18879 16365
12849587949586920361,12389 17032 18534 17518 15171
8804599024300677258,17055 9041 16596 18808 16777
9133167091380435901,8894 14596 2409 16378 17011
11004894601788811090,9278 13387 18078 8394 3614
2870234065785890639,12304 15163 18458 12212 3604
13454006841064204349,7378 16994 14720 9292 17258
15926529714860783587,19628 19724 18078 13469 19860
6060298756867536099,8893 17757 14389 8388 13437
12563662404485338731,15541 19205 18254 19981 15547
13154982978083322664,5061 19864 18620 17526 19317
5624777248361027821,11019 10920 18476 18943 2050
2111166866018816556,14063 12212 17139 18057 17276
12044372512628205166,10597 15295 4742 9723 10519
1236823129886758187,16695 17086 10389 4004 10462
3218197241930958843,10673 2150 18406 16149 13461
1024661437265559400,3613 3586 2335 13105 13428
15423062433483072867,17055 9041 16596 16777 18808
5979469978296995623,2973 8283 2770 17324 8048
11821800498860306135,3871 15385 14083 2105 2253
3254944155005003108,17785 15349 10507 18078 16698
12803482775006904278,16215 11410 8927 739 18820
5622039461022239703,17014 16587 10556 17420 739
5630511110201835308,17571 3861 17971 9723 16723
7353548190168459121,16757 2167 17022 13437 17163
8483226508566677549,16378 14486 10585 11239 2322
10409685492825965668,10547 17549 7431 3586 3686
8518921524338740643,17055 9041 16596 18808 19777
3210776430357806552,17014 16587 10556 739 17420
7452851296670301402,10712 17289 2205 12235 10419
17343535360856698597,19782 16410 19861 15371 16601
8272340697396342769,4699 18524 17852 2860 9013
13290769937324199623,8893 17757 13437 16249 19996
11764293598629373606,13629 9725 17261 7360 13654
16022220800654881095,11550 17999 16370 18476 16300
776839012578000732,9280 2186 3883 17070 18683
2708342410182063429,15252 17291 2324 16639 17181
11596662741006598034,10584 3604 15393 2161 17819
6161345100848781500,9556 13838 19861 10909 17361
3496808396098539642,9556 13838 19861 16183 10909
11960962519332423834,7182 19618 736 16079 16010
6044880021866277108,7289 13352 16988 2396 17006
10959898108885898716,13437 15295 15341 18311 9098
13637521131903553508,16961 11421 16740 3585 11114
17640959853440892473,16757 2167 17022 14163 17163
7259461165435561161,18531 1846 16964 18448 8289
13293119783217743695,19910 8446 8591 13940 18360
8951083747729838162,8973 16672 17963 15341 18089
8302924499996954127,19970 7292 2403 2698 15392
2154896983641055842,18078 11273 9278 5 19899
12183519774823258854,3845 19790 18576 9256 9077
1780147671283706704,3600 9440 3752 10487 19717
3069031333271950618,19407 18142 13868 13352 3587
5047433195925685520,2420 7381 16530 7954 17036
9859797956164107626,11600 17716 13960 15489 11075
17000911691432584333,18786 1231 16782 19207 3610
5014700272356294876,16794 19479 18089 19803 11552
15098243418317283491,3505 17634 4708 9514 16971
9422690993215798475,7351 18078 17852 19207 19219
10179688702539169219,8956 8967 15689 16813 4631
6594484923099661709,18943 11561 18808 7295 10920
451295298296638408,20324 16723 15761 9276 13624
15435239851260146610,796 19882 10811 8366 17176
5490595343696071375,13654 17966 9335 2192 18648
7859993115757554896,13629 9725 18165 13654 17261
2515704330456202790,20249 7277 16365 13461 18879
1537590483638345175,15646 18968 8892 15695 18610
16023428628750454574,19060 19643 4688 4865 10415
10750346997431196273,16314 18254 18432 7954 15547
17877131886256509145,13214 15389 15596 737 17342
14172269515791399782,13378 10779 18362 2363 14083
12848724360329715866,14428 13242 16829 19526 18311
6521534665422104103,18528 18348 15341 13461 13242
543775423393468054,9106 1264 16895 4121 9051
12244392386521386379,3582 3505 3611 17062 16700
9937551686289236676,7349 15293 16147 18153 18078
17248364979110459832,20249 7277 13461 18879 16365
9311215075012908180,19514 19180 7378 16238 18410
8316410394765155287,15163 19431 12304 17420 7234
5758488731774464478,16596 12306 17055 8584 11346
9202625734720696681,7332 18808 16940 17261 3604
11686843647673519944,19853 10403 13430 7956 18213
13786965074876410776,1755 17466 9440 16601 16495
6321925393951873497,9278 13387 3614 18078 16847
15431943649271885638,17893 13914 10476 12304 7205
12234407967887307666,20244 11577 18614 19378 9368
17486080236370028868,9256 2158 19643 19648 2171
17247194304653712393,14022 18655 11271 18534 9675
3873934530887044648,16178 15487 323 2959 4764
13197994258926701123,18943 11561 10920 18808 7295
10545291476735351854,14389 13703 19354 9505 15541
14477955723978335586,2420 7381 16530 7954 17036
12324892029222355038,17727 15356 10556 17694 17014
16901878284789926070,18531 1846 10584 16964 10597
2874422659984786967,19996 18144 18752 17139 7184
17194341570964655036,13563 17571 8083 16255 18746
777921460655209809,3287 17109 13609 1760 16283
7684386638344984727,19819 16228 11445 713 13278
15803550927994706308,17439 8973 17028 18827 17035
7201528991388133663,18311 9098 13437 4501 19628
790102268846163136,12586 18040 10584 8892 4668
2503151525254280651,19295 3492 13671 10506 4677
1402477653181127007,16741 14187 13461 18026 18311
10364533582638775438,18662 18144 3885 9527 19335
4241644724355978086,9556 13838 16183 10909 19861
10681599371048572720,19861 16770 2998 19782 15402
647121566530326079,7402 18238 16830 13624 13098
18167348539792152980,16698 18855 14187 3594 2175
16564246871061530775,10891 11019 15541 10946 17227
9575250065173897013,19852 19677 5061 13352 17446
2742836233804486071,18823 9110 1142 18643 15782
2498819005686034920,17830 16924 16192 10680 11051
6416036800968144934,13629 18165 9725 15284 14874
6850358957053005850,13351 14727 1881 19440 17672
14279482976310096510,13700 17966 8403 18099 2259
12578100597477593739,16238 18807 12232 3596 10597
7235255373293065895,9342 13211 13930 3878 15624
15378427721605992350,16759 11603 19090 10544 19207
9387021217953930822,9335 17966 19354 5061 11239
17893649292549858149,2002 2860 19270 12304 13214
12373459728960893050,10630 4681 18943 3599 17122
7470300857862746896,15646 8892 15695 18213 18968
16115533478486798658,4624 18089 7360 18458 18943
5328918915405197828,13629 9725 17261 13654 18165
16500709383134630212,11019 10920 18476 18943 19219
14988333150710439952,19207 9300 15174 18862 16759
16860855377270730444,17982 18648 17051 9141 13930
2500082728443720868,15323 10404 9218 2188 10671
1707869320906395861,18662 18144 3885 14187 16996
12598809033761061413,5061 17526 19864 19317 18620
13599465887881695022,17093 16228 13272 19803 11075
1791008199953377326,15341 18528 13437 20238 13189
13469870294765645700,3585 2335 14880 18763 17142
2781294943895266555,2978 10779 19851 18871 4650
11026748645765289885,19782 16410 19861 8940 16709
14244367953549721006,4501 19954 19724 7378 13725
279238036064108973,9342 13211 13930 15624 3878
328018522128499995,19937 16216 2153 14452 111
7801229993835138316,16238 18807 3596 17093 5
18202864096470656958,10510 17483 4640 11446 2259
5875229307311221162,16495 1755 18523 19864 17803
6589681168373752005,18101 5 15596 17483 11317
4293152105326922323,12276 19188 9398 19190 17364
17485217019458887458,7412 17210 16437 18264 8572
12590857957195577855,3603 9169 15553 15782 18406
17111514294376448872,20241 2153 8955 18540 18431
13538410309891655004,3604 10584 9778 17485 9615
11607925684586630526,10779 13378 17342 12304 14880
4829342151414093459,17281 9427 16372 18251 4621
18104145928458156228,2967 16950 18534 2411 18049
9952676799046398226,3607 10510 10632 2770 19354
6351711587397713140,18943 11561 7295 18300 10920
10509996795995706635,2963 3527 19996 7206 14444
12045910920673300024,8893 17757 14389 8388 1160
10985507383279999329,1753 11014 9309 17692 9187
228939113273034120,11075 17086 11600 19853 16696
5568522254201839903,17247 8363 9139 9368 11094
7155514788519788279,18790 18364 13242 10437 331
2806927963283845994,18943 11561 10920 11019 18300
7297790398436370854,8893 17757 14389 19996 1160
1029173897345825091,15284 10285 13629 13812 19531
75208421873357951,20239 17142 10946 15340 2253
6442725369956169859,15163 12304 19431 17420 18648
6026749641521269759,13872 10920 8968 20182 14039
6488044306457412772,17239 19782 11862 16387 15782
12642132163977758378,3613 2335 3586 13105 17791
1455048538863083569,17698 17784 17557 17659 16812
14103147470904316071,13206 10920 18540 18297 17318
14219634604746956436,10584 3604 15393 17819 8893
14418932017014681423,11550 17999 16370 16300 18476
9162314854495667865,9335 17966 19354 5061 3604
9934084967101886056,7278 15660 331 18213 16709
13356746431479758836,18883 15388 16715 19981 13895
16883943874339630027,13214 15596 18668 15389 737
702123434014441742,13105 8952 3600 17759 16436
14495192200143358822,8725 17928 12489 17584 3533
10051692184152030303,1882 2201 17874 18164 2161
3883485784362641144,3600 3752 9440 10487 19854
10942402022888318703,11421 2577 16025 17827 2409
5335683801884652594,7438 18476 4248 10810 15364
10125014959440984462,3614 19026 18528 18320 3752
2177274364396061087,19724 18831 4501 14437 17381
1158794781595181810,2253 9052 13949 16534 17893
15092192506779929830,10544 18254 16958 2008 16759
9666675446623499068,7437 3611 18142 19642 18909
15063654452063639201,10584 3604 15393 15509 17819
10456645848458718358,2188 15485 2259 18484 17538
17103716509792325363,18943 11561 10920 11019 7295
6391031087743725987,18213 16551 16300 15646 17820
13540147986920365380,8893 17757 13437 19252 14389
11531261845752924207,15163 12304 19431 17420 1176
13415367912884466044,20249 7277 13461 18879 14410
13218334540544615756,15214 2154 17664 9064 16672
18281948118132083099,9523 12306 7238 1975 7183
13092569048999013021,18476 19026 18026 10920 7438
13402278880938075800,17816 14566 19219 17629 1231
7373137001103969556,16964 15797 7239 17227 16946
750594023898082561,10459 13393 17051 10598 3599
15552512279294840121,9394 12304 16032 18080 19628
17513577207540994219,10416 7285 18629 3608 16741
16225238227530336469,10519 7280 16486 16216 9429
2330865197566880498,4742 8892 10597 18576 11550
14463990129615164352,17332 17189 17505 18807 11279
1710217268805273786,15541 19205 18254 15547 14460
11028175068535703464,3613 3586 17791 13105 7283
9470796415594282250,2381 13678 8968 17493 13489
3769787490899057001,10618 743 2967 17804 7366
11518805107641944729,16696 18611 10946 3883 7234
4495319805079738305,13492 17784 15387 3732 10475
5478729652784525377,7347 7283 18254 15371 18332
8469239490785546594,18943 11561 18808 10920 7295
17088334648837001363,12489 13272 17289 9017 19354
10548121453510926466,16372 7360 18251 17351 17281
12490013748945431199,7351 17852 18078 19207 19219
11497647500092656717,16995 13128 3612 2002 16636
12295229220771090958,4639 8365 18153 16841 18530
15760707501118602340,4623 8395 14486 14187 15210
18156020030049640577,18311 9098 13437 4501 19628
11942751932408896888,3845 19790 9077 18576 3614
17624329864768810215,18943 11561 10920 7295 18808
12712174886513329263,9556 13838 19861 16183 10909
11580541257354782347,10799 15371 9523 16627 17373
18393007093895053093,18943 11561 18808 10920 7295
614267750969180688,3820 13890 14437 17392 15797
10643892017902475930,18049 10475 18520 17048 18295
16576357067900417809,19287 17483 15761 17499 17639
17733381765351542476,17002 18228 17004 18210 15250
13627469382356074631,18078 9278 11273 5 17295
8160415407453552014,16794 19479 18089 19803 11552
12898661758492587791,19070 15370 3686 7402 2171
17711201913325264642,18080 17819 4015 18652 10637
4150093916629034630,9180 2966 18746 18003 735
10738942322525246072,16238 18807 12232 17093 18003
4349657729973603924,18213 16300 15646 2159 17820
1179974583240091468,17694 17727 18597 17434 18457
2186000350032635282,11019 10920 18943 18476 19219
2020584627166254953,20063 18973 19190 16138 18654
9466759925061427930,9440 17288 9128 16852 17042
5584412258624584978,3600 9440 3752 19854 10487
6057101571311419564,19863 11747 10337 13215 9454
6754457961664159505,9292 1160 4865 3847 16281
1200681630657402379,10543 2968 19856 2966 4699
17225429026700963251,16469 11561 4773 18934 18467
10307094652325529681,18790 18364 13242 10437 331
4321185635566913343,739 17420 16149 19490 14437
9070687147962435882,3599 4674 10630 2757 18973
10079310684998713978,4638 3695 14437 7280 19479
10091085797201058410,14084 16839 18126 19987 9394
5892923738735652336,1989 17210 8587 13248 18165
10001525829995351486,16249 16072 19091 19230 16423
11723207136313391911,20118 17005 4637 18763 10792
14493200417060267758,329 17677 4621 17323 3454
11368439109938979995,7291 3620 18526 17659 739
14942838399213590673,7378 14720 16994 9292 17258
10731506119721506614,3585 16830 14880 2335 18448
12792051260083034747,11019 10920 18476 18943 19219
4499718538481410730,18523 13914 19790 11603 1755
8519759416566574669,19970 7292 2403 8973 2698
6887732259390242274,17966 1160 9335 13490 12212
4077613015578239974,18078 11273 9278 19899 3605
10792003963404762686,19566 13437 17968 17816 4626
2988430084012911518,10475 17784 1989 19643 17852
7967025239826777849,7402 13098 13624 18238 18431
15844941394605940620,19853 10403 13430 7956 3454
13772590330596334434,19485 17258 18140 11308 19385
12574560237608799246,739 17420 16149 19490 2408
12795527743143450277,19853 10403 13430 18213 7956
14612837479952919667,17756 17517 2955 13671 19644
8937933802609746545,2954 1347 17095 18165 9311
4116119697296838044,16757 2167 17022 17163 14163
8310845615368659682,8947 10729 10829 3950 18051
1200114887517403718,15163 12304 19431 17420 7234
3367773749043643915,10474 2966 14437 19026 9110
11586853305791558146,9693 13492 6125 3237 10866
12204166374115549337,12313 16138 15324 17839 15210
291814890302315058,9711 7438 18213 14874 16894
7581403398883791355,19782 16410 15371 8940 19861
17713087235869026755,7349 15293 19646 18153 16147
11308375691977297548,17966 9335 1160 13490 14460
9778267789269788144,2171 10595 3752 18607 2799
9924299091491679502,19628 13469 19724 14437 10112
3898033361805732656,18213 16300 16551 2159 17820
12054785906661972539,13629 9725 17261 13654 18165
3504944223028137922,20244 11577 19378 9368 18614
8963652964565649619,16436 18476 17936 18968 3888
4589519327170687798,17966 9335 1160 13490 14460
3530280102943021174,16696 2259 17638 19399 18611
18040416410574942898,2188 15485 2259 18484 17538
5007914504910690369,8956 4677 4631 8967 18295
16569591994027127979,18586 19724 16698 17784 18162
11120525106298972964,7936 2220 2776 3492 19981
7741200236741633275,9523 7238 12306 1975 7183
9231530140350065113,18311 9098 4501 19990 13437
3354594029291961769,18101 15596 5 16497 17483
4313502939567566368,13378 10779 2363 18362 14083
13006654233898767585,13654 17966 9335 2192 10385
13434283895121299229,17239 11232 11862 18973 19782
5476189188147539992,2403 16631 15393 16699 19970
11811273600688930950,19188 786 17014 2855 3582
14622299163730053764,16695 17086 10389 4004 15295
3524933757362153976,17093 16228 19803 13272 18228
17346634331933380784,19853 13430 10403 7956 3454
14860195111441106260,15538 9182 7336 17756 19190
15262241976502908932,15343 18254 8591 3612 18338
16106951024359602952,7360 8394 18350 4624 739
14479534441824399207,7277 18790 19647 4638 18292
12186989371724218459,17041 11195 18827 18713 4501
17999281895086073331,13950 19803 3821 9661 3441
17323889041445199801,7956 16978 10644 19853 3878
2869752021696503778,16224 18357 13157 1761 17909
1138242987414482933,17759 7735 16975 18308 13105
10127904214192322094,17020 15509 12395 10940 17002
3362287430355034673,17756 17517 2955 13671 16216
12558075882849869990,7954 737 17186 15782 16314
1634127615152363478,17535 11198 13214 13387 10914
4141564769715986997,20240 19258 4249 17380 19981
8315164106598671317,19854 17291 11271 10544 8334
13659309390732796301,18943 11561 18808 10920 7295
132573726735776627,17762 10339 17086 17679 16975
11476592424352608178,19407 18142 13868 3587 4404
4717639024615396773,10584 3604 15509 8893 15393
6058028515446737355,8361 4 16072 13647 8081
6035783331484434645,19047 19861 18480 10937 13368
1917158556697997102,18821 17861 2408 6875 18810
6044032947656078290,17238 18705 17186 13960 18213
12149923884750589181,17756 17517 2955 13671 19644
14500930132320711542,11019 10920 18476 19219 2050
5941316524051385860,17014 16587 739 10556 17420
17665724462555032281,16712 15176 16830 7956 10603
10815805785924310423,10310 17669 18629 10833 11507
16059485419754438239,2396 17518 16958 17239 7289
16831686387711412003,15334 19643 16852 1841 18983
10175348147859772032,17582 17816 17788 17181 17332
14094352181795652127,11019 10920 18943 18476 2050
12325961450040608291,18844 9533 10413 8334 17247
2293476943707075429,4624 7360 18089 18943 13838
1719055917762471655,17893 13914 10476 7205 10674
2722675989462194517,15761 17095 16672 19287 1825
15585672844838939963,18102 18753 18534 1996 16891
10720689263232452216,3454 19519 19851 19853 19006
17357239498605325485,18522 17034 19335 3845 2348
1409481429856016125,19207 15174 4613 18798 9300
11991787665872296668,18812 10622 17813 12317 16630
11648361122474537196,9556 13838 19861 16183 10909
16611550285773023045,17966 9335 1160 14460 13109
9779471500438922334,10920 19647 18943 17318 18476
10806567906149879463,15541 19205 18254 15547 19981
10327206202437240822,17041 18713 11195 15388 18827
3360679090255293927,11019 10920 18476 18943 2050
7261428960359855707,3600 3752 10487 9440 19854
144162714308412584,2967 16950 18534 16777 728
250969387595489207,19981 12304 18254 15541 18883
8952792864454503980,7349 15293 16147 19646 18153
17976636984090397444,19060 19643 16724 8973 4688
17793213449187198519,19407 18142 13868 3587 4404
6115869824848912820,18943 11561 7295 18808 10920
18411538209698156830,7289 13352 16988 2396 17006
1808110159814573383,16215 11410 8927 1996 18820
11627136539056801294,17565 18531 8366 12304 15213
3515610901482600902,8893 17757 14389 19996 8388
4548985496865455824,15489 15245 17716 18332 16676
2290687723052334082,20249 7277 18879 16365 13461
13944738976569791811,17746 3857 10600 10740 16861
16378281649784233582,18943 11561 18808 10920 7295
1656809108946734527,17762 10339 17086 16975 10615
15339861873277816907,19790 19123 17820 19981 17103
408363151895593688,19782 16410 19861 15371 16601
3780573528355888809,18586 19724 16698 16861 19956
11705242086404546250,4680 17893 2149 15486 12461
16291646704010840150,17966 1160 9335 13490 14460
8268411588692242156,7347 7283 18254 15371 18332
4373151234087746321,15299 18983 17290 17291 9557
14860087422192074565,17893 13914 10476 7205 10674
13078228585703889905,16757 2167 17022 14163 18807
1293314867242517505,17655 7183 18808 10909 10474
12225093000724913556,10413 7336 19805 10432 8365
10872750711587504531,19026 18476 13868 10920 16884
16085148375037726283,18528 18348 15341 13242 10920
16689014281636387260,19479 7735 4679 19643 16794
6357020500435400242,4649 15245 10474 19851 17069
7085106970914113220,3506 3451 20238 7286 14483
10228669830458489558,17002 18228 18210 17004 4788
8196786920185483603,15295 13437 16676 10597 19677
17334157862661716310,19070 15370 3686 16425 7402
18356972714412824389,2253 9052 13949 16534 17893
1779487927195667589,3506 7286 3451 18643 14483
2970971459988633753,18452 1612 4148 13561 19635
17286734349514499379,18662 18144 3885 9527 15695
13172347686773527062,18943 11561 10920 18300 18808
8686808311492072397,7294 4649 19645 9171 15389
2674865385240331933,8396 19789 1849 2159 13934
17888155418355720816,3584 13461 16975 15481 14721
17358585431665075824,7437 19642 3836 3611 18142
5997989384661795813,15814 19861 18576 17193 11561
13672388188277476730,16692 11188 16620 1825 16563
15176465706797420201,17420 739 17014 18654 18648
14087359666722151057,13654 17966 9335 2192 10385
17451546594965312006,10597 4742 15295 9723 17215
14062633566044090643,8893 17757 13437 14389 4118
8364226648775590524,13838 13972 15286 19353 11561
9398314888297409553,7412 17210 19479 16437 18264
8587174032417156368,15646 18968 18213 8892 17864
15067361304805503736,13781 13492 11445 10321 3952
479404492244034520,20249 7277 18879 16365 3586
6656013729678542877,16274 16799 16378 17863 3820
14512680886106259176,20249 7277 13461 18879 16365
3689585167204384810,20118 4637 17005 18525 10792
11212981741407625328,1988 4559 9055 17893 18578
17828324959796941906,1841 13346 19791 15334 17291
13625659003106511945,15397 7381 2959 15601 18362
17741345487318140979,19988 17105 18432 16799 2726
10018022023226391489,4645 18144 3582 10507 3600
13380209349724150277,2411 19677 3604 17258 19001
3926429663778917385,15782 17874 2259 10510 16676
11493462336774815517,17634 18099 10614 16144 8590
10105101329019794966,18049 10475 18520 17048 18295
17722446917181747544,3468 15388 3516 15308 10829
8972714204110300126,17966 9335 1160 13490 14460
4224857642511221538,2770 2973 16141 18964 3607
2775883684491407865,9139 3858 18752 17055 3748
8343052010879786352,10599 17659 16741 17185 14396
2079067849883353222,18531 1846 17611 10597 19001
78445215893681194,17420 739 16216 18654 17014
13593765184635581353,14408 18652 17331 19566 2295
427266724787493347,19044 19644 15311 2433 17177
6513499162320289256,17893 13914 7205 10476 10674
16567837508513555810,18662 18144 9527 3885 16585
7456130215582752514,2248 111 15393 4482 16964
14159147640466608625,3611 3582 7437 19864 10680
13263656368666809960,10475 17784 1989 17852 3598
14730894910729911956,16841 10799 9367 10432 4639
8926489985233167439,16624 1775 18740 2701 19853
12759621852807674868,3730 10475 18165 18448 17390
10140713984908208749,15711 19475 15356 3237 16649
5052652583002065467,20249 7277 13461 18879 16365
1757020203413387861,15163 12304 19431 17038 18153
10229515772885570746,20063 18973 16138 19190 18654
6088696799673581520,8725 17928 12489 17584 10597
3185285360188683192,17041 2435 18827 11195 15388
7767312448678475799,19804 3608 8584 13561 3998
13522828163778433664,13654 17966 9335 2192 10385
694874914782981322,10952 10413 19252 4707 19985
14373477095841433979,10597 15295 4742 9723 10519
12100326143179314014,10350 16936 17042 10536 18254
10899229901003097353,17002 18228 7378 17004 4788
12584996777030131342,18523 13914 19790 11603 1755
5912926001214582665,17239 19782 17784 15489 4121
10383406263298862469,18968 15646 13868 18521 11255
1071771984319267636,18968 15646 13868 11255 2776
11204096539949571478,20249 7277 18879 13461 16365
12703469717737231399,7351 17852 18078 19219 19207
3226890358223101908,3598 10475 15538 16672 15497
6366061825792445602,19954 18210 3587 4793 13394
17250020406290487470,2381 13678 17493 8968 13489
10143933042548713668,1760 15739 18026 15720 8961
12225087839522645974,5061 17526 18620 19317 2167
11866457526564319600,8893 17757 19996 13437 14186
16159629970847703667,16757 2167 17022 14163 17163
2093262726817087900,18842 18026 18162 739 18476
5554758190596285122,15509 18308 14405 10584 9040
6493509520417210364,17020 12395 15509 10940 17002
5461541111025087740,3516 322 16148 15173 17844
12289189140528459243,10799 15371 17584 18989 16627
14520530560886343938,16378 14486 2322 4707 10585
15422957266913189723,9533 16826 4639 18844 18607
3458301494803390763,17021 15695 17002 19956 3604
6327447246132552503,11211 19314 2966 7295 17361
6424163978463190501,3854 4729 19205 16457 19006
3249083003908546735,2358 16300 3606 18352 17334
17370887272843122720,17014 16587 10556 739 14880
10514994268071676158,8981 16741 15163 7366 3594
15603339383698896002,16216 14020 2776 17756 16551
18139732471018468640,10632 3607 7206 2020 11603
2316939903193901051,15489 17716 18332 16676 7286
11917479091755721019,17756 17517 2955 13671 18410
17567446236205998795,13654 17966 9335 10385 2192
18337097998446889438,18872 15601 18364 18807 17597
17950786350545514188,15814 19861 18576 17193 11561
739964419206731232,3542 17002 18364 16300 9533
13516044329342841687,15163 12304 19431 17420 7234
9704934951271628567,1225 17689 16056 17953 18929
9348839953645128976,737 7954 12464 1274 13214
16912389874546565806,18586 16698 19956 19724 17784
4127100178928905993,13242 10962 18790 13189 14428
13952050894977763550,4750 19724 13847 10447 13971
6438126169506069265,7351 17852 18078 19219 19207
15458275145416707016,11019 10920 18476 19219 18943
16380028763717914126,12212 17966 14460 18526 15251
13508551284865490267,12389 17032 18534 17863 9718
11210046121116928121,18808 17655 2578 18943 3597
4691394996812423580,3612 2219 19205 17032 18238
11895941892311829021,18943 11561 18808 10920 7295
1719474094642035920,2770 2973 16141 18964 17729
16081464234661689713,730 15392 20240 15244 19914
582117834558291493,11561 18943 19383 19188 15814
10120349006847304455,14880 16942 11603 3585 17238
3629297864298266233,19853 10403 7956 13430 18213
18147151586674214998,13629 9725 17261 18165 4248
6786884590360899022,9342 13211 13930 15624 3878
18038955581526037063,9778 19335 16389 3604 12395
7037088004963523401,11550 17999 16370 15309 18476
8334781719504036568,10914 16815 15509 17426 11019
13100341384238987047,2776 7936 11179 1876 4624
7085431619947156199,7295 10475 19188 18362 18943
15226660873288560318,18586 16698 19956 17784 19724
5043758668462485237,11019 10920 18943 18476 19219
15136778933470417840,18943 11561 18808 10920 7295
11831810366937015438,11550 17999 16370 15309 18476
18230277391909486885,15646 8892 18968 15695 18213
2512793167866642786,17655 7183 18808 10909 15556
17405334554337372436,13122 18268 13437 16486 15245
17928941514825701186,18763 18165 17639 17290 10584
6599695600294033240,4697 15349 1272 15761 18849
9265636873388823691,19853 13430 7956 10403 18213
2733228195560203734,17551 17639 18574 16335 19615
14930458229116748517,10474 2966 14437 19026 17420
18216685162418781933,11019 10920 18943 18476 17557
7120414857913315102,17756 17517 2955 13671 3600
11664287182689517571,13436 17042 1168 19882 17672
14100514267387523799,8366 17840 796 3533 18667
17568467321587305213,7347 7283 18254 15371 18530
2715533252132943626,15394 19985 19531 3454 10318
9186838248595244642,7366 10618 15541 13654 19471
11240987261286880090,19287 17639 17483 15761 17499
7218297373680074638,3848 4015 13950 17844 13839
15573737868584308928,12395 12304 12406 2970 17020
16108921896894072726,16596 17055 12306 8584 19229
8310139857051191317,16337 12243 11242 13189 16932
16886439730968458343,15387 18484 4735 7208 9098
7620895531425496254,9335 17966 19354 5061 3604
2850515957577010129,3612 2219 17291 17032 7278
7253740301663232985,15163 12304 19431 17420 7234
12878808338474404409,7289 13352 16988 2396 17006
15636843345766772795,8513 11533 18669 4755 9052
9407031253000438700,15356 17727 16975 15388 17874
2676255390502034013,20063 18973 16138 19190 10
5660025345681833536,4645 3582 18144 3600 10768
4378829686241929542,11019 10920 18476 2050 18943
11900644263209158656,3612 2219 17291 7278 18238
6097770548106355391,13838 13972 15286 16714 19353
8633368477509492826,3845 19790 18576 9077 16708
14422507403899980724,9098 18311 18994 17415 4004
14922161835479976541,2253 9052 13949 7336 17238
5639213611292110150,18823 9110 1142 18643 11279
4620730835674094060,7234 19399 15163 2955 14725
5670308344059159405,18943 11561 7295 10920 18808
2154281208290923025,17014 16587 10556 14880 739
2485134865467380195,15252 17291 2324 11271 17181
14994343208752882581,2381 13678 17493 8968 13489
15095893938581635095,13378 10779 18362 2363 14083
12261626934640877367,3599 4674 2757 10630 13553
17665061979203515641,20249 7277 13461 18879 16589
7312803807018313091,2220 16389 3604 7936 8893
8950577302847653242,19851 4649 16300 3841 3454
14705933800561460717,17571 3861 9723 17109 17971
17442061039739688833,12389 17032 18534 17518 11561
1179241395380668612,2253 9052 13949 7336 16534
7442106175928781527,11019 10920 18476 18943 2050
17919663120125104423,17625 18937 6875 9339 17342
6143378480370431699,15295 16676 13437 3752 19677
975113265386333677,18351 18937 16389 10595 17863
18063698138144757508,18026 13461 10447 17659 15286
15224286453230081319,18522 15624 17034 3845 18373
18403080333191769638,18078 11273 9278 5 19899
12875952953768278843,19678 19190 7234 17386 16601
14298630820842286838,16249 16072 19091 19230 16423
4616626425452518057,10600 7183 14437 8396 15481
13838855265629373160,9156 16436 10962 11075 17545
11417053751376383845,19188 3582 17014 786 7295
18404354560751472507,19694 16947 18667 17654 4636
801625053642953141,15541 18254 19205 15547 19981
7158050843347510095,19287 17639 19643 19642 13647
7933883848082439443,9098 18311 17415 13437 18994
3059897876406434463,12313 16138 17839 15210 17111
9950165687234281753,16238 18807 12232 9218 18003
5024494245501026578,18943 11561 18808 10920 7295
9944232317856680459,13629 9725 17261 15284 18165
8961728773187588604,9556 13838 16183 19861 10909
659491330991252261,2008 10544 8294 17193 11051
4774266510548315252,17729 12452 13341 3605 3847
8756448061414904771,13812 18662 15739 3691 9141
2242044636118495365,15782 17874 2259 10510 16676
15060067423901659252,17420 739 18654 17014 16216
702715835295499588,3599 4674 2757 13368 18973
4269714125889769278,2335 18995 18526 18373 3585
7323352165636152345,18517 3884 16947 13124 17909
9653169073079053780,10519 16216 7280 9429 17757
14417154343880985206,8973 16672 17963 15341 9079
16305889169134312822,10920 19647 17318 18943 13872
7133154850975048424,18254 17906 15541 4763 7347
14615506622672053077,19910 8446 6109 8591 3691
1598828028261138601,2776 7936 1876 4624 19853
16746175125253825704,19190 19678 15489 18525 15384
4055504985275026316,19861 2998 16770 15402 19782
15446811784630333913,10566 18491 8289 2973 17004
16252865738038018455,20196 16262 19353 16757 19189
5719283894405294334,8290 13536 12573 18344 15553
11356608959702211880,18520 19490 1993 11279 16238
2768513948971699339,3582 3611 3505 16700 17062
4112752932306161278,17420 739 17014 18648 18654
15724523361262260662,4716 14110 8919 17804 17538
5613522078264192459,7412 17210 19479 16437 18264
8636915177825935235,2381 13678 17493 8968 3476
993130542868566861,5061 19864 19317 2167 18620
355565154909665821,10859 18586 18162 8349 18476
17974034887679242331,19899 19431 17079 16389 18351
2297750562879796155,15541 18254 19205 15547 18308
3896291753338450945,2188 15485 2259 18484 17538
7828724532607554593,18101 5 15596 17483 9409
4089521806408945144,13868 17172 2955 19407 16586
15800395335251681238,18943 11561 17518 18808 7295
15198462151808649300,10586 2192 1872 8048 4148
3088316194961237807,10632 3607 7206 2020 11603
4205771148374551605,17002 18228 18210 17004 7378
6211824951769597273,17966 9335 1160 13490 11603
13102360915149435707,1181 19089 18254 17417 17428
1506158157264609543,17417 1181 19287 13930 18585
5420547301556310429,9440 17288 9128 4764 16852
9950498079100119567,15679 17550 10675 19647 17429
4229828963344005458,17041 11195 18827 15388 2435
12832122229368862503,19188 786 17014 2855 11561
7593819460619700874,2954 17095 1347 18165 9311
14910457884951486316,11019 10920 18476 18943 19219
9881364804364440522,20245 16936 19485 19556 2008
14831696062503525797,9156 10962 16436 11075 19853
13728865478054731184,8584 7436 20184 9051 14187
14577988218755307641,13158 17649 17024 17109 9037
9160373992975635741,18823 9110 1142 11279 18643
160993512164420087,16936 19026 9615 10675 16724
2410561144180079553,7347 7283 18254 2210 15371
9272764954397376590,12462 16829 18346 2965 3754
13246382584662091772,4004 3603 19285 4745 9098
10947934575903880403,7283 16591 2210 14437 19644
7897605268611597652,19987 17791 14490 20189 8334
15363174583216613787,7402 13098 13624 18238 17869
1025618909670263189,10570 17556 17507 19954 15596
4142639083950623174,2219 17864 16769 3612 19650
2242822971157830942,20249 7277 18879 13461 16365
4092661686731938989,13585 13189 16759 2139 10961
819287748971756730,19852 19677 5061 13352 17446
6954691871384191788,14389 19354 13703 10519 9505
13631564354670140657,18213 16300 16551 2159 3752
88423791580235842,9037 15541 18591 17193 13674
17381330790404330917,12212 15393 11019 15251 17966
9097137865265283660,3586 3613 11275 17105 16591
12307114318483065121,739 16149 17420 19490 2408
9341317167150313469,7278 18213 18883 19861 15660
9846370997528762150,15354 10666 19804 19979 19597
2158466683234266257,15371 15782 16676 20238 7347
8832047855280358857,7351 18078 17852 19207 19219
2787402225496381662,1847 17381 17417 2050 16147
1268870143622131353,10600 7183 14437 19785 17677
10329041148482222254,11450 8371 17963 12313 2359
18391591797100546638,10597 15295 4742 9723 10519
14275061665881165429,19853 10403 7956 13430 18213
13704814972838593610,18351 15302 17863 16389 18937
14637326214720459890,8585 15907 11447 4674 15624
17948233955826358871,4694 8573 3604 20245 325
16373746183947857502,19026 18476 16884 13868 10474
4216912698676218559,18766 16149 3748 11346 13791
15999649822858802471,11019 10920 18476 18943 2050
4375590601836217085,17784 10475 13492 15384 15293
5454555216975335057,3542 17002 18364 19326 16300
5919365150450726451,13629 9725 17261 18165 13654
1802526100099786910,16372 7360 18251 17351 17281
13122099866013050503,18581 14163 16389 7234 17286
10081649792038148732,17689 19647 3695 9132 16861
13299642175243553048,16997 16159 18547 16757 16656
11254796898083103047,18522 17034 3845 16342 15624
1691681950070240725,18308 7436 17759 3475 17266
8746199818159249445,3599 4674 2757 18973 10630
3982725676128130396,18194 18522 1999 13351 4693
487742352077804704,7412 17210 19479 18264 10729
14102113925263980935,16363 14080 10937 16457 9795
11883764683849028956,16238 18807 12232 17093 17517
3255121091361198737,16695 17086 10389 4004 15295
9974623506748548798,2324 19531 19001 3748 17096
8518022626807033549,19001 17687 10475 15814 4252
10485941780203959202,8584 14187 20184 7436 13378
1220038108260522958,13378 10779 2363 18362 4763
15062979963311512699,13378 18362 10779 4763 19281
17333940737236406865,18406 16510 3603 17318 15782
5576066921625940180,19181 3592 19584 16439 17893
12115443744440435698,2324 19531 19001 15252 3748
7106887309547968759,18943 11561 10920 18808 7295
7977075681401203375,7278 15660 18213 331 12464
15082416816982522257,13469 10909 14566 19628 10643
12077543504562611501,17863 15245 17852 16996 16274
17033403624447232896,323 8296 16032 17518 17292
3145510017903253720,10544 2008 16958 16759 18254
17564016244762287725,1841 13346 19791 17291 15334
316057446011381965,8572 19648 10540 19860 10300
6555968617712709014,9110 18823 13971 10474 16073
7295334323610692558,17864 18102 17227 15485 16769
8189788645804296053,7347 7283 18254 15371 18332
17690310533526066585,19258 20240 16703 19642 16317
595541597406854332,19785 7954 2967 11049 4124
2601100296967305190,17111 3476 13158 18558 19004
1089511356447588467,15389 13214 16366 18643 16337
12865394247091194100,7347 7283 18254 15371 18332
5840766820275208781,15761 16583 8948 17095 1825
9242088970624484690,5061 17526 18620 19864 2167
14231553891487980488,3946 19645 19116 3608 17212
472558205622590631,7349 15293 16147 18153 19646
11872914050501585307,10866 9117 16961 13517 13269
15395647405141202082,3441 18254 16147 15163 13950
14122076807405207767,2397 3586 19852 17044 12506
8031771406200196952,7283 2210 16591 16632 19644
1869821728789932768,2967 16950 16777 2411 18534
2687812470295738920,3611 3582 3858 7437 19864
14359039285111226435,13242 18790 10919 18528 10962
9898912594201577498,17055 9041 16596 18808 16777
10088462503245879686,12276 19188 2167 17364 19190
3328716635909901276,16436 18476 17936 18968 3855
11487095303757205269,9556 13838 19861 10909 16183
4688167922178537302,15163 7234 12304 19431 17420
4498885321136960621,10570 17556 19954 17507 16782
11645467542544499111,19264 3614 18528 9558 9335
14718795741839634561,1799 2095 16695 8365 8360
3827922138891001428,18883 15388 19981 2373 16715
14012694868462207381,19198 18135 153 16943 3541
17307255152492544770,18476 19026 18026 10920 7438
13857178901161308924,12234 1920 4787 9098 5210
18194007225833688253,18153 10919 1847 15547 9182
14924537964831969265,19287 17639 17483 19643 17499
8313297446177001648,12243 7285 16337 15739 14452
13589832494700584758,2358 16300 10447 18352 3606
10224221633182948618,19628 19724 13469 19790 19860
13367000921944064921,7402 13098 18238 17869 16830
4716011288740195467,7234 19399 15163 14725 18611
16316791872587537871,17002 18228 18210 17004 16438
10106865757033059912,19782 16410 19861 8940 15720
8162668581041250107,16563 10821 13951 15714 18937
11453143115338996669,5061 19864 17526 18526 19852
3365587567947214517,19693 19803 1755 19857 2954
12514308939395993151,19205 15541 11603 13868 3612
17557894934974856069,4641 18254 17711 18480 12300
1395533466009707825,7360 4624 14435 8394 16149
11894377521718171818,17694 17727 18597 19816 17434
12495496391057156172,17152 2347 3596 17246 19516
11198337473447922945,7735 18526 16631 10476 9054
13052931227551017577,13930 9342 18790 13378 2968
1248085067053566435,17716 18142 11600 17074 15489
6983173894018835033,2698 19970 15295 9221 18080
615518441390196764,3583 13441 17021 16367 15695
7248887930178097920,17014 16587 739 10556 17420
3774607021635049672,2020 2251 10632 10475 17292
14547398512181872491,19853 13430 3454 10403 7956
13990799606337399296,7954 737 17186 19785 15782
17318255593773927847,15403 16942 10495 739 15369
15064132867920206756,17147 15357 13803 2277 18715
13939779156155832783,19287 17483 15761 17639 17499
2875644149772433432,9335 17966 11239 5061 19354
16265493068303148492,10487 3600 15341 18264 17756
1116713245316804114,18752 18871 9723 9714 19314
10075874651633543826,16249 16072 19230 19091 17729
13916939010352791557,18194 18522 1999 13351 4693
11591466907351164016,2968 11051 10739 17174 13930
2520354216974531669,10779 13378 14880 12304 17342
8449826982242855088,20249 7277 13461 16365 18879
1964367614583964960,14566 17816 13469 14487 15814
69093689723640662,1147 17634 8366 11075 3533
7094982656330532501,16891 18102 9700 1272 13890
15133230012445469032,19207 9300 16759 15174 18862
13949184319126044670,13195 13645 743 7282 17905
17814124695748208592,1181 19089 17417 18254 16777
13124448872874089502,18523 13914 19790 1755 11603
5166746057727394921,17571 3861 17971 13955 9723
12617991210752564868,19782 16601 16410 15720 15371
3557430935769362694,7436 18308 10827 18526 13105
12353674680396990830,17963 19677 18264 17629 19852
7134517882270854980,18531 1846 16964 17611 19001
11891652817486147659,9335 17966 5061 10403 19354
17071765510803807969,7954 737 17186 19785 8403
14288379281466341581,10740 16639 17630 2759 7735
8391294666832517559,13872 10920 8968 20182 14039
3850089959282651996,19988 17105 18432 16799 11784
15088343036700741492,19335 18522 9311 2210 16715
10542168642440519832,18763 18165 17639 16926 17290
1998894389704996497,16335 19354 16958 17518 739
607622750208664404,16712 15176 16830 18883 7956
10920646023648589994,3848 4015 13950 17844 13839
2922224695112579521,10112 15293 19628 19552 17886
8410780357163145389,2382 18885 18234 18823 16194
8702461059527725773,10529 18667 12306 13211 14721
9003446336252411195,10740 16639 2759 17630 7735
3001007313229411828,16964 7239 18827 15797 16946
10952847034332982736,11275 9131 18254 8446 17323
10161221476582681233,14090 1968 18697 3846 4015
1462290271882415414,11273 18078 14407 12304 19004
13012494032377700459,18101 5 15596 17483 16777
12690258362618580866,17111 3476 13158 18629 19004
13102288465242890109,8914 10285 16194 18766 16895
15069078826127789003,9383 16724 2998 19782 19407
12949433803503146934,15214 16672 2154 9064 17664
13805582058135476502,18194 18522 1999 15250 13351
9117133556049562035,19994 8590 17077 16802 3584
13140445446275253701,17238 18705 17186 13960 18213
8168107133050901364,15323 10404 9218 10671 16260
7868706767217840105,12276 19188 17364 19190 9398
4131075471422817634,15403 16942 739 15369 10495
1824040579114984608,10811 18126 15198 10596 16714
6653885015396022868,10632 3607 7206 11603 2020
9781352108155367793,18943 11561 10920 18808 7295
15580642266861640707,17002 18228 17004 18210 7378
3167037404269427847,15302 2366 15304 1968 2219
17107498945429599170,19861 2998 16770 15814 15402
1305156983140374310,10729 19584 16427 13273 16757
5437880093451218345,10389 16695 19981 19790 11686
3584073422195209002,19188 786 2855 17014 3582
4211815551998878289,4637 13428 13242 13461 7954
8692768668809096498,14725 17415 16079 736 9098
739556867986647604,10510 17483 4640 11446 2259
1513099677884552288,10556 7347 17292 16138 15792
4308982907626186894,2397 3586 19852 17044 17659
11936906572118399212,10507 13378 74 3598 8973
17722467758708884693,728 15326 17069 2966 7282
18097007047432830687,18526 15293 7735 12212 7291
16323574286043576347,9041 17055 17886 4262 2010
4834116451062405643,2281 7294 15311 10673 16495
10146617082596448981,13781 13492 10321 1849 16147
4697216638895130752,3620 7291 13868 5133 10544
15447942139604381532,3845 19790 9077 18576 3614
15311911661749372975,20196 19353 16757 16262 13838
9790535600424529391,19188 786 17014 3582 2855
17775309734173277780,19287 17499 17639 19643 17483
14414230491424393658,18713 13437 19642 13567 18524
12811589506777435678,14022 18655 11271 18534 9675
11776311709542765951,18883 15388 19981 10603 16715
12406367942492250094,790 11486 18262 18842 8403
3496779121603261855,19628 13469 19724 14437 10112
9301180752714911343,10350 16936 8973 17042 10536
5791888696942797079,8893 17757 14389 19996 8388
7391094688984580721,11075 17086 19853 14285 17461
16737583161774288537,10321 4769 10666 16692 3820
5661211537059600361,16216 17756 14020 2776 19335
2765929795122624618,9409 17641 3801 1160 2403
16107543032034205282,15391 17759 731 3880 13654
3627178765762965846,16149 739 10673 7360 17746
17025815393096229904,18080 17819 18652 4015 4621
1589283150153648662,19678 19190 17386 7234 4684
13406693921789362528,1902 11550 323 16676 18099
8354623813916410123,10920 19647 18943 17318 18476
9044332602712565968,15637 18943 19646 11862 16938
6119071031620861774,11346 7206 3592 2776 1968
12969531823618851595,18101 5 15596 9409 17483
10906667105363679362,18142 17716 15782 18406 16056
10012748281302027782,9280 3883 2186 17070 13492
9336742714262856027,7378 14720 16994 9292 17258
13986961812940376231,5061 17526 18620 19317 19864
16159761673106358491,7347 7283 18254 15371 10556
14500590353383843126,11275 17518 9131 17323 18254
9219042010072513562,8893 17757 14389 19996 16249
5298012044109639124,18943 11561 18808 10920 7295
1233249800582838072,9221 19230 2698 4643 1805
944595723354046304,11279 18520 17517 17006 18774
15478026442588324751,17295 15341 9394 18078 13780
14650793187575170241,19407 18142 13868 13352 3587
9155969046238612475,19190 19678 15489 15384 7437
3696265351789360827,18983 1822 4618 17163 7284
4402937459582753111,8893 17757 14389 13437 19996
12555680919160716669,17381 20237 1847 19724 19425
5598469915015163531,9106 1264 16895 1968 4121
5738553421300732644,19782 15371 16410 19861 15720
4482921135454629327,16964 15797 7239 18827 16946
14613235778796638289,16715 10644 19335 16486 9367
6568749559129744998,17759 7735 18308 16975 3820
4868915918328915410,10584 3604 2161 15393 17819
13950821560568169487,7415 10595 10779 8349 19988
16809240668147919735,17227 16964 18576 2356 1747
7060411941751189268,9556 13838 19861 16183 10909
10462992480457666581,16991 18491 11152 16884 13318
9743110938518127052,9013 2408 17148 14487 20156
10642422010439816659,9100 10744 17279 19060 13930
7114854379172153016,18883 15388 16676 19981 17364
8950232525202468027,15821 18923 16146 18459 3492
9269571621533366313,15397 2959 15601 7381 18362
9989996296563561201,16696 2259 18611 19399 17638
8915492841036410890,9823 13561 18597 18431 16940
16537960841817396701,17406 9661 3950 19849 18352
4803576484267432364,17364 9040 10914 15646 7278
2016636380492998773,18943 11561 7295 18808 10920
13503244797620757142,15509 10584 3604 18308 10674
9356699236480119364,16676 15393 14435 15388 15371
17217904446207596501,2358 16300 3606 542 1825
10953165255788537067,17655 7183 18808 10909 10474
10664690653122850015,19070 15370 10584 3686 15300
11143544477201910413,19647 19531 7936 7277 10920
15652607392353873979,3596 16159 19314 16238 7378
9595208076191895263,3845 9077 19790 18576 8940
11166423492226994073,18308 7436 17759 3475 17266
11792237069886056078,11279 18520 17517 17006 18823
7304747699946984985,8378 13490 17966 1176 17074
10167158208072841688,16238 18807 17517 18003 8360
138198060220169765,16601 18520 19782 17032 16777
16395989535730401975,19862 17729 16249 11233 18994
14568745816594307142,9103 8393 2396 9051 17104
13164299065235315879,14406 18861 14067 16511 2032
7614408227790325354,4645 3582 18144 10768 10507
13113589363194663820,14880 16942 11603 17425 17238
5826393493131162220,18526 7735 12212 15293 18995
17679376521425348884,4 17287 17689 14575 8365
14504217330755035143,18801 74 10112 16591 16486
1810317376379058144,15251 13580 18994 18620 18057
2074461074937615901,16975 8968 13437 3584 15356
13608050363634774422,2435 18364 331 19335 17111
15050516026054161755,17384 3475 17381 17139 8981
17063876586874050474,17033 8283 323 1610 17212
11505897928238979856,16260 10740 13341 10487 16146
15737115009985915296,11019 10920 18943 18476 19219
9804663754874097082,18534 18102 12389 14022 2967
12107222433537378066,15538 9182 7336 9575 17629
14404652614345570358,17079 19519 1902 9624 13930
6668119791753585454,16942 14880 15403 18558 10779
11060998217522666704,10403 9335 19853 15389 14428
16763157513451692176,17055 16596 18808 9041 16777
16510208760841637647,2382 18885 18823 18234 17445
11247392278466550333,9221 19230 4643 2698 11552
12280051540131877786,18943 11561 18808 7295 10920
6385406031308277321,19089 18705 15382 3871 18295
12762047494157415341,4677 3492 2202 19857 8956
8999700745736004724,12212 15285 7347 18526 17966
7847167085750232721,17518 19789 19677 18746 2396
10042139405895862348,17292 18494 323 17177 17287
5615660304410656620,18308 7436 3475 17759 15782
3980988389996502686,9428 11600 17005 9110 15365
6000630533836955350,20189 14068 15646 8334 11279
3954193028617404784,19044 19644 15311 2433 17177
6607442642605411222,9280 3883 2186 17070 18683
4550681345049631543,10632 3607 11603 16672 17557
2586218329787877342,14469 13105 9156 13189 19805
16960862422023052250,2171 18607 3752 17373 10595
10814483185516687103,10671 2281 18607 8616 8367
2157172796539924904,18308 7436 17759 3475 16586
10613678579619618291,11019 10920 18476 17557 19219
14230027859908748660,2722 10744 7274 2162 16146
13502218410820126989,18194 18522 1999 15250 13351
17832318056548426317,17239 16387 11862 11232 18973
16785543690697877011,17239 16387 18973 4121 11862
14645389912602967100,15289 18194 13437 12212 16069
2306804694300897732,2219 17864 3612 16769 15569
9967872122338840131,1980 18265 1872 16894 16025
17854049947464045498,325 3584 12561 19270 10419
13054025493641597260,7437 18909 7327 19642 10833
4953052416328968221,18534 18102 12389 2967 14022
14047437358329442232,19851 16300 3841 3454 16697
17418237635607540739,2001 17074 16625 4751 18805
5810704298036840758,4624 18089 7360 13838 18458
6183419661139465014,12243 16337 7285 15739 14452
9067146231934035912,19861 2998 19782 15814 16770
18067905148903019589,18523 13914 19790 1755 11603
16182591917543642871,7349 15293 16147 18153 14579
17860289727861773966,3854 4729 19006 19205 16349
9553543721864174619,19853 13430 18213 7956 10403
10195196557586527547,10919 13242 18153 13109 15720
12224029602817386820,18968 15646 2776 13868 11255
3080925569285653892,3869 17002 13647 19514 18364
9190891858597620029,11577 13530 16601 2251 18078
8968943130748694227,17641 9409 2776 14487 3457
13531179720699185619,18213 16300 16551 17820 2159
12271870267730163292,19956 3698 18586 9678 16996
17818815891149782136,15489 15245 18332 17716 16676
17197115175394303217,13624 7402 18628 19721 19532
5486938246381430709,2248 4482 111 16080 10112
11725055962489554328,19864 5061 16495 15489 19678
8691450339589603187,17966 9335 1160 13490 14423
3804001174911725316,17571 3861 17971 4751 9723
10250426177309581179,18089 8973 19354 8892 19479
4363225245555652117,13671 11577 18078 9440 7282
17581644920635150023,19333 17626 10846 17177 10389
13895268424610393078,13889 10321 19369 18165 17664
1120717795148957616,2248 4482 111 15393 16964
18204009690562503181,8290 13536 12573 18344 1803
17359159550865682024,19970 7292 2403 8973 2698
1849622669968088035,18228 17002 17093 15393 3858
14883260289111760877,735 13563 3600 9180 16144
4300957166849035700,11239 17183 18262 3614 9335
14488274389245626799,3454 19519 19851 19006 19853
34799051736481083,8958 16709 4639 2763 18531
6139334259916880616,9440 17288 9128 16852 2182
7824853080455615644,10473 18705 18643 18620 11075
13229880493112811180,11273 18078 12304 18311 3599
4677123420915737132,17239 4121 11232 19353 11862
1918988474278253116,16715 10644 19335 16486 2186
2730655950959268297,19851 15245 16697 16300 4649
15694810815849902016,7234 19399 14725 15163 2955
5592478811904794783,7349 15293 18153 16147 19646
7807653998598038356,5613 18116 18522 19997 8289
1608360725891965580,7735 18526 16631 735 19479
10643565776509909472,2105 3871 15509 7336 6124
13796559784962025254,19910 8446 8591 6109 18817
9148067865579321760,8946 4004 3855 19593 13347
15900643870176682755,737 7954 12464 19060 1274
17351802022334954462,16026 3602 18210 10389 16631
18026868135958171256,2397 3586 19852 17044 16939
13823554640586747514,14189 19784 13437 16073 17364
1571318163987659715,19851 15163 16300 15245 18213
17347455742869292101,3686 4392 2161 19070 9132
17008432730367791352,7184 3960 19909 16813 17677
8946455602110733016,13889 10321 18165 13414 15402
18286059409352567899,10510 17483 4640 11446 2259
6084536057753275817,18213 16300 16551 17820 15646
16157937373225162639,17238 18705 17186 18213 13960
12769944034169187178,3600 9440 19717 3752 10487
15180558798739924696,16418 19791 13955 17077 17864
7708395239771200554,15646 18968 8892 18213 15695
17422267918524832551,9407 14407 8560 1999 2008
5648995599377762999,18523 13914 19790 1755 11603
6657205510545785375,12243 16337 7285 14452 16591
17377249134684200450,19188 17014 16587 7295 15782
5569010054821935104,17109 17122 16238 17571 3861
7415485227468324642,3599 2757 4674 19816 13553
1885089313542081619,11445 1849 13781 16838 553
2286204763773295800,7351 17852 18078 19207 19219
10421066139886015614,736 14725 7182 18607 9342
7251241873733969331,18667 10529 19970 18210 18311
17756364738519661224,17104 8968 18594 9103 1225
9843406823846533780,16625 2001 19805 18594 9678
8936817791597687647,2253 9052 16534 13949 7336
1837885895627073894,18413 15403 9560 17655 18335
13055679563560264136,16596 12306 17055 2963 19645
13508252891247064342,2438 18108 13430 11279 17210
14490931524979005708,19860 16840 4613 14187 4766
10953351450028587336,3836 18162 18715 17174 18531
8517057449191096683,9278 18078 3614 13387 7351
793325260240890305,7234 15163 19399 12304 2955
9836161393167930466,2358 16300 10447 3606 542
15002518602218831577,12243 16337 7285 15739 14452
15030317072386988791,12243 7285 16337 14452 15739
1522546948705111746,16159 10474 17266 10979 3871
470653844285574605,20238 15341 18311 16283 15371
9005946489458713217,12243 16337 15739 7285 14452
4759050131814753153,13399 4746 19996 18014 2182
17864990330108965031,16958 13430 15624 16335 14186
2574666286886640677,9700 18476 16589 2363 19777
1426940743903809610,17816 14566 19219 17629 16936
15062467006399137382,16972 18831 7233 10706 14065
10745558402907070413,8403 2776 790 13949 13914
10030335326227759868,3698 19956 13595 18743 8981
18432872642329820182,15714 13951 11179 7184 10674
1854735313187112808,7735 18526 16631 735 9054
14682203301062030708,13436 17042 19882 18026 11275
16859761295515727130,1971 18629 3008 14098 20237
10916735945044241669,10597 15295 4742 9723 51
8660972148825873827,7349 15293 16147 18153 19646
7538095849174265898,18476 19026 10920 18026 7438
194881889536464843,12317 11346 10307 15637 20238
2960252213192106912,9693 6125 13492 10866 3237
15916656259937482610,19642 17177 19287 2398 7437
17566597128552552029,16367 10631 2161 2955 7956
15393110574147629333,2163 10825 17431 10675 4788
15904820330024067457,2954 18165 1347 9311 17095
5705154540894018442,3600 9440 3752 19854 19717
17294616929633000132,3585 16830 14880 2335 15251
15268400894327351563,7234 19399 15163 14725 18611
10207244993492280343,16147 7349 1847 17373 13838
14608888266339796995,18943 11561 18808 10920 7295
16912424582736751878,19039 16901 13436 16528 16861
4223836042974766940,2182 16314 19516 13399 18798
394754036360220806,19851 3454 16300 3841 15245
7973777280084044721,19644 14409 17756 15285 17177
11908298151676110063,4684 18142 19646 3597 17618
18240388433663594877,17425 16056 16884 18525 15300
16251744304984561418,18923 15821 18297 17852 17638
11137698760620886492,18697 8446 14090 16281 10307
7346302242750904431,20249 7277 18879 16365 13461
5735153485767323731,19314 18950 9556 17518 19789
16336667723994971691,4644 11600 6875 17493 10598
477111624394198729,18943 11561 10920 18808 7295
12941749164829204204,11152 16969 16991 19648 4686
15891005640639719526,17966 9335 1160 13490 14460
3216495767171426120,18162 20249 15782 3836 19981
17214991304014075621,8594 15247 3681 1766 15538
10775332114985161038,4640 10510 3836 17911 8927
6989202341326995875,16676 15393 15388 15371 14435
14207407634702586543,18883 15388 16676 19981 13895
607931602280727422,17093 16228 19803 13272 18715
4464330309572981308,19287 17483 17639 19643 17499
11402606155087328582,8396 19789 1849 13934 2159
4152439207575510287,10961 13971 17536 15369 9110
2806249513940537867,14389 19354 10519 18543 13703
6179930414596223964,13736 11552 18251 18320 1181
1929628288193529254,16372 7360 18251 17281 17351
8170808206562239179,19490 19006 5061 739 19785
642219558259923493,9101 15485 19974 11255 10792
3827718231348356420,17261 16378 17816 10675 18628
11389510797880912007,17638 17415 18923 17166 322
13074832313917965999,19287 17483 17639 17499 19642
10727187022891650686,19644 14409 17756 17177 15285
2800830972192840085,17002 18228 18210 7378 17004
17238135625712558298,1775 2701 13950 10940 18476
4579254892316491828,19190 19678 15489 15384 7437
8550417089934352369,18364 18790 9278 15782 18872
15706804871685708732,4116 10780 16740 20156 2050
16073255054457636768,1282 36 16216 16389 9798
18217982949448186449,10389 16695 11686 19981 19790
8493046014808115881,18520 19490 1993 2408 11279
6524731807859816855,17093 16228 19803 13272 11075
17611799088817908833,2356 18458 17227 18228 16724
